dimensao,gbests
tres,1.94095305949125e-68
tres,5.43982057669966e-52
tres,4.71386063468384e-48
tres,1.06942196858243e-53
tres,5.57184234798842e-54
tres,4.09048189468335e-52
tres,3.23520554449175e-81
tres,2.43790091887018e-40
tres,5.36757249092268e-49
tres,1.49181027607334e-48
tres,2.4030360980416e-49
tres,7.21351627406453e-53
tres,2.17976470290181e-72
tres,1.20302825657851e-53
tres,8.80862434731713e-66
tres,1.54616711108308e-50
tres,1.95703148014471e-47
tres,8.23831565711697e-50
tres,4.19791492780502e-48
tres,1.0154394271306e-54
tres,1.87085928726301e-49
tres,1.58785656055155e-48
tres,2.77330691978555e-33
tres,1.80257657799165e-47
tres,3.93846841079815e-51
tres,1.83351916629696e-50
tres,1.77291880783881e-52
tres,1.09153125534813e-47
tres,5.98895607192143e-156
tres,2.04555952441452e-56
tres,3.83297934596297e-74
tres,8.18588035501399e-77
tres,2.77521442817244e-35
tres,9.57071122344863e-50
tres,4.87173048347879e-49
tres,1.16669231928029e-52
tres,1.49358454124022e-44
tres,1.42272957012288e-63
tres,3.11697904094143e-47
tres,2.65199486197727e-47
tres,6.7848340471212e-30
tres,5.23644362420129e-47
tres,2.5599967695649e-33
tres,6.57847388807788e-52
tres,2.20240795753499e-43
tres,4.84248662476028e-53
tres,7.20926451808862e-72
tres,3.37052268464661e-64
tres,4.37030614770606e-49
tres,1.48360485138911e-50
tres,1.55796810415924e-52
tres,2.5441577167457e-60
tres,6.06086433041172e-52
tres,1.44802281763427e-51
tres,2.37152324288546e-68
tres,2.22096075763413e-50
tres,3.07120144117008e-70
tres,1.02097066753147e-45
tres,2.28555402317406e-55
tres,2.07144299954604e-50
tres,1.07068242576267e-49
tres,4.92464344766272e-44
tres,3.57371609178211e-49
tres,1.74121882230674e-82
tres,1.43514708765082e-46
tres,1.61935652317046e-81
tres,1.37060517533946e-48
tres,1.79325968873273e-49
tres,4.26248014374228e-51
tres,5.37352150404725e-67
tres,5.17147843029021e-46
tres,2.34473356272771e-48
tres,2.04584819905946e-47
tres,7.05196778103843e-47
tres,5.29150649117507e-47
tres,2.99343121125959e-47
tres,4.06358287576029e-45
tres,1.08250875762436e-64
tres,2.35211085796478e-47
tres,8.08192987844202e-86
tres,5.47890977684638e-67
tres,2.42799262662756e-49
tres,2.93588345469204e-47
tres,3.94198748755279e-36
tres,1.45329634573014e-49
tres,6.51823733154496e-76
tres,3.30420867054551e-32
tres,3.28067211792864e-47
tres,1.43200026670071e-49
tres,5.00242719105648e-49
tres,1.27548275602033e-49
tres,3.36556021435434e-50
tres,5.91940298098666e-47
tres,2.18502136238313e-48
tres,6.18527811012646e-74
tres,6.58064758800724e-53
tres,3.68611602042258e-50
tres,1.85078092445236e-48
tres,5.74854944023793e-50
tres,2.30313306721487e-48
tres,1.07739962999554e-48
tres,8.71311873944792e-40
tres,1.09825949165885e-46
tres,4.57741985994613e-50
tres,1.32600854039565e-50
tres,8.47574557688313e-50
tres,5.3760805564359e-72
tres,4.45503600168679e-45
tres,1.44202773361974e-49
tres,2.94390428929849e-48
tres,7.98320481024383e-49
tres,1.50901196326098e-48
tres,3.8985402472078e-49
tres,3.97549126365131e-45
tres,1.65881360953932e-108
tres,1.84151523244469e-47
tres,8.7651148564034e-42
tres,2.7641369198302e-49
tres,2.06411469417245e-48
tres,1.07456395763415e-53
tres,8.43282429367912e-48
tres,4.62270395102203e-48
tres,2.36999220408797e-56
tres,6.4172898824252e-47
tres,1.34791580380388e-59
tres,3.32565001132712e-74
tres,7.27934570395331e-48
tres,2.70101795545388e-49
tres,2.28428753111522e-46
tres,1.49502794050153e-65
tres,1.80032618443955e-48
tres,2.52700964298271e-49
tres,1.01739852589083e-63
tres,6.86551635103658e-52
tres,2.24885593393556e-43
tres,7.39050686571038e-42
tres,1.15853594800987e-47
tres,6.55699358100185e-50
tres,4.6494621818048e-49
tres,1.95374842029375e-70
tres,1.52800813990489e-54
tres,8.09018746687816e-48
tres,7.57925985197804e-53
tres,1.45142798804024e-45
tres,7.31894822990339e-48
tres,3.98725604851906e-70
tres,1.8124061455427e-47
tres,3.32165901316729e-49
tres,2.8966150605336e-53
tres,6.97776152428976e-49
tres,5.04105275901773e-48
tres,9.02303846229465e-61
tres,4.14754346336174e-51
tres,9.23555952607491e-58
tres,2.95534919605721e-48
tres,3.18179399953528e-50
tres,5.20929539348958e-52
tres,3.73829777291246e-49
tres,1.82058754797056e-46
tres,1.93844134773929e-52
tres,7.96667998825482e-48
tres,3.30619839922707e-49
tres,1.37943909373176e-47
tres,3.54400622441937e-49
tres,3.48650746156685e-87
tres,3.70351214602444e-52
tres,3.76168950946982e-110
tres,1.990266635822e-55
tres,4.2062399758802e-45
tres,1.95842238311784e-72
tres,3.85959638079192e-53
tres,1.68706892042107e-47
tres,5.44512647196369e-52
tres,1.32634104411067e-48
tres,1.10588095526996e-49
tres,3.33361297340442e-52
tres,1.13671867784262e-77
tres,2.7458232124437e-74
tres,2.19932016455957e-41
tres,2.69473221022708e-61
tres,4.19878579839105e-41
tres,8.39080234062509e-49
tres,2.72970768512554e-55
tres,1.48767893869895e-20
tres,8.77076136038089e-52
tres,1.47132215603777e-74
tres,7.78371438934677e-47
tres,7.42235282338146e-49
tres,1.10509374305186e-54
tres,1.01976851286511e-46
tres,1.17348474976684e-49
tres,8.9171353905507e-48
tres,1.31190533340102e-49
tres,7.8592935174953e-50
tres,6.99728053531657e-50
tres,7.94854924422014e-35
tres,1.93379379468712e-48
tres,1.42618705369809e-56
tres,1.04266671696619e-49
tres,4.39393594987102e-71
tres,1.78773203760155e-71
tres,6.08347688988623e-49
tres,1.20092583942204e-48
tres,2.55336264261548e-49
tres,4.71614012685198e-66
tres,7.5470971112281e-48
tres,1.83030377721623e-48
tres,1.96827916548753e-63
tres,9.73785253795932e-50
tres,3.69274460575996e-48
tres,3.29365855990033e-51
tres,9.98074968028349e-51
tres,2.15682162702962e-45
tres,3.75382901901625e-48
tres,4.80534620906992e-48
tres,1.32515994536647e-50
tres,1.64346687914129e-45
tres,7.6236594690737e-59
tres,7.98023362332314e-90
tres,1.07641823711444e-50
tres,1.32047561487502e-52
tres,9.10052344920826e-48
tres,2.52744743279149e-43
tres,9.36131043660333e-49
tres,1.70028505236166e-53
tres,9.71129531414691e-49
tres,7.18436518531989e-52
tres,2.12870385810143e-38
tres,7.38143508294624e-48
tres,1.28462352684191e-48
tres,2.69865112170321e-45
tres,8.8588042999871e-50
tres,7.85759274451365e-48
tres,2.9456227209347e-50
tres,2.04300964146311e-50
tres,1.10364619576389e-47
tres,2.15936252856034e-51
tres,4.76338920713993e-49
tres,4.76542560120835e-50
tres,2.05605464477841e-44
tres,2.44398004282537e-80
tres,1.46847165965885e-76
tres,4.89752270114818e-48
tres,2.27720710616914e-54
tres,4.26444730716964e-48
tres,1.97877891025644e-48
tres,1.1696274087993e-48
tres,4.14995989665159e-51
tres,1.88336657005308e-54
tres,7.62015708635469e-50
tres,2.090317357341e-32
tres,7.42223819180914e-48
tres,2.43937482966356e-43
tres,4.20563963546527e-47
tres,2.85728235306063e-62
tres,8.00059648768237e-52
tres,1.9901030069856e-49
tres,1.62026376715262e-48
tres,4.83735170799307e-55
tres,2.5550984984991e-49
tres,6.54619281715123e-49
tres,9.55784060841814e-50
tres,1.03477335922469e-47
tres,2.59148291876052e-48
tres,3.06080914879578e-46
tres,1.34965481838274e-47
tres,6.33566194746983e-51
tres,4.16185837711418e-43
tres,7.10279481576087e-52
tres,5.14790828682666e-47
tres,6.83549463928063e-49
tres,2.8171952919554e-51
tres,2.07722606958465e-49
tres,7.58943771182734e-48
tres,1.68052018251524e-47
tres,9.64971081262392e-52
tres,2.11710023948455e-49
tres,7.07823829664566e-48
tres,5.65446118063388e-48
tres,1.52803193981773e-56
tres,5.12846209099643e-54
tres,2.02734359209938e-47
tres,1.62093278009674e-79
tres,4.63382181209197e-47
tres,2.56195454296472e-48
tres,8.56678772315313e-47
tres,5.15476592766963e-51
tres,1.67800610184168e-52
tres,1.75950352411815e-50
tres,2.75021591883587e-42
tres,8.99476528932348e-49
tres,1.19851976036953e-49
tres,1.63238158446774e-47
tres,4.96807498508092e-49
tres,7.21535135329062e-50
tres,1.14970079642539e-45
tres,6.93342535352535e-48
tres,1.54190681354274e-53
tres,3.77434101488395e-49
tres,1.26979759339342e-45
dez,3.84097914162075e-83
dez,3.05452037137802e-27
dez,1.69911477209402e-39
dez,4.34696124725223e-16
dez,1.93228860359557e-15
dez,9.84703231703492e-11
dez,1.1533288900599e-44
dez,1.28032850453246e-20
dez,4.3738295007022e-40
dez,2.17589071361915e-14
dez,7.62659399327101e-12
dez,3.38119857406971e-27
dez,1.76932027531164e-43
dez,1.53486709513154e-24
dez,1.82500724461916e-49
dez,4.15567072701826e-22
dez,1.96168118707275e-24
dez,4.60278424568027e-45
dez,3.63792793555292e-23
dez,1.23363502668902e-09
dez,3.15086628984852e-05
dez,1.04881322341064e-15
dez,7.23496822639424e-45
dez,8.85445175234994e-47
dez,1.43652582129234e-41
dez,1.04197105051186e-29
dez,1.49158872044521e-12
dez,9.83202167285041e-45
dez,2.55304506319674e-44
dez,1.39819104158028e-52
dez,1.20493821651856e-28
dez,2.58237945206958e-21
dez,1.87779248800239e-07
dez,9.63873442398745e-40
dez,1.19189776525756e-12
dez,5.58623013643983e-14
dez,1.48785224955719e-34
dez,1.19397108813968e-41
dez,4.06628731543784e-46
dez,2.366113257478e-45
dez,3.92753403699285e-20
dez,1.85457144835017e-09
dez,4.34554888740656e-11
dez,1.63580804455785e-30
dez,2.57268462960932e-31
dez,1.6753066448639e-23
dez,6.50969019199518e-16
dez,1.88343329311567e-32
dez,4.0512881602242e-15
dez,2.2726722561572e-26
dez,5.6696563890814e-15
dez,4.29683784532585e-47
dez,3.27672615440385e-09
dez,1.44168874801742e-25
dez,1.1074553335083e-25
dez,8.44051765929758e-05
dez,3.20443353038596e-16
dez,4.18269210218729e-35
dez,1.4662206367808e-44
dez,6.09048566422413e-17
dez,2.04540050605593e-12
dez,1.07296211429154e-26
dez,2.33846215633704e-22
dez,2.21671546305572e-07
dez,1.90848331578473e-14
dez,2.43911725395284e-47
dez,3.76946514383159e-46
dez,3.64828795956174e-38
dez,2.26620026184065e-30
dez,2.6272427895791e-06
dez,3.6656259967816e-05
dez,2.62644097461432e-19
dez,2.29757266847278e-16
dez,3.99687202688497e-31
dez,9.2692743558943e-18
dez,6.16744379225822e-12
dez,6.39032316862703e-28
dez,2.48698938194486e-42
dez,1.16692187077016e-40
dez,1.26841145197704e-11
dez,8.21471718255643e-06
dez,6.1540609846274e-30
dez,8.85622155452717e-46
dez,3.62176743030766e-22
dez,1.67426244677003e-24
dez,5.45878642493183e-05
dez,3.01953020937056e-46
dez,4.07916326917468e-28
dez,4.61288784386398e-61
dez,8.61937087253316e-39
dez,1.61356972096934e-44
dez,4.81754571127334e-16
dez,2.05892898232714e-06
dez,7.96739811694406e-06
dez,9.10277071385772e-46
dez,2.00140050166057e-43
dez,1.86762417670608e-20
dez,3.58331869407498e-20
dez,5.01038581237212e-31
dez,8.20706616490629e-46
dez,1.85791546744088e-08
dez,1.44873608542808e-76
dez,1.6180644937668e-47
dez,6.45465441607793e-37
dez,2.29945251483285e-13
dez,1.94844792144071e-50
dez,2.41950856808381e-35
dez,3.60759311689102e-14
dez,6.25130873068524e-09
dez,1.13471226872724e-22
dez,2.25625824134352e-12
dez,3.26987420281184e-10
dez,1.73618075723525e-45
dez,1.19134175495293e-09
dez,6.1464506028553e-51
dez,1.01881932592646e-45
dez,5.99214145649517e-09
dez,1.87643273236887e-52
dez,2.03408732435831e-76
dez,1.10108892636367e-26
dez,9.79544651285327e-40
dez,5.45373857808565e-21
dez,6.94465060217026e-17
dez,1.38549941646232e-11
dez,8.19879729929916e-47
dez,1.02568899870344e-46
dez,1.06257058943644e-08
dez,2.93270577931993e-05
dez,9.52560973030341e-33
dez,1.65052735235164e-53
dez,3.91891175013398e-17
dez,3.81332723381934e-20
dez,4.52364086793523e-33
dez,4.63247648659122e-47
dez,5.50460304541493e-19
dez,5.90265342740811e-15
dez,1.70724708234626e-07
dez,6.99271830387181e-18
dez,6.64088199235665e-39
dez,4.33274824655022e-17
dez,1.23992404904423e-16
dez,3.17414680393157e-62
dez,6.94330634099729e-51
dez,8.09645313664405e-44
dez,3.83532766180573e-13
dez,1.70823534999624e-23
dez,7.26469625880512e-26
dez,9.79491836851561e-17
dez,1.50940889208366e-06
dez,1.45294789256082e-27
dez,8.78007376168681e-16
dez,1.55857300700343
dez,3.21314186093473e-31
dez,3.73931987871095e-59
dez,4.34487380349311e-46
dez,4.28828487140827e-09
dez,1.41484737387977e-45
dez,2.40477712989701e-13
dez,3.91535455995593e-40
dez,1.49953542290792e-44
dez,2.72897588458024e-11
dez,4.83865261655812e-10
dez,4.31773975147396e-25
dez,7.31064695391013e-27
dez,2.66286157743139e-16
dez,2.76634410684175e-11
dez,4.23377607977866e-45
dez,3.80597491578143e-21
dez,1.89528123188413e-08
dez,6.88524242535848e-47
dez,1.74762401877838e-45
dez,7.25419597118207e-22
dez,2.38855010784391e-29
dez,1.11150679302492
dez,1.23234725733883e-10
dez,7.26695015039225e-10
dez,1.31812140037658e-32
dez,1.62771872551038e-08
dez,1.34615437497221e-44
dez,4.9592832277724e-34
dez,2.13960482917465e-39
dez,1.12437833439878e-51
dez,1.40752845450302e-27
dez,3.77553219518943e-43
dez,1.02810761339443e-27
dez,2.6081201822878e-25
dez,0.00378916750337703
dez,1.52400149014614e-08
dez,1.35498991952871e-41
dez,1.34022497933828e-17
dez,2.64024274435992e-16
dez,2.01082102913043e-25
dez,2.54639312412267e-08
dez,0.000256227919257402
dez,1.47131830775159e-12
dez,1.34717427196209e-16
dez,8.3129736556782e-15
dez,7.61357633197092e-46
dez,4.57160792384562e-18
dez,3.95593603830155e-15
dez,0.351325297155661
dez,2.49827156750712e-46
dez,1.73724642825606e-15
dez,8.68641847021443e-21
dez,1.29574601483214e-10
dez,2.31256427977771e-14
dez,5.29632767422865e-20
dez,7.76404363367069e-27
dez,1.34884340892182e-18
dez,5.18802584533912e-06
dez,3.3039470130471e-11
dez,7.51679673397882e-15
dez,2.58385510814034e-46
dez,4.00525009004721e-27
dez,4.89050404007495e-53
dez,1.59283181218922e-17
dez,3.49898632667903e-45
dez,6.37728068225336e-16
dez,7.02921449315577e-34
dez,1.65762291884723e-19
dez,4.70774361238498e-18
dez,6.35178544128404e-07
dez,7.16851720492172e-41
dez,1.30536916393492e-21
dez,1.34666537856229e-15
dez,1.91909912729454e-14
dez,2.88170178948546e-10
dez,1.7729688015688e-07
dez,0.179121700384862
dez,2.97920264263366e-31
dez,3.37857250836598e-16
dez,6.84530198144676e-17
dez,4.22963362184757e-39
dez,5.93581504028332e-14
dez,7.99558326188785e-45
dez,1.41688636852607e-45
dez,1.99301677553484e-10
dez,1.78591792538738e-26
dez,2.02310412482144e-44
dez,6.59309706272886e-21
dez,2.7218199608606e-16
dez,5.30688245276682e-19
dez,1.17786768365686e-08
dez,9.69755752755852e-29
dez,1.34558727299233e-38
dez,1.47343742653646e-14
dez,1.80744227199081e-21
dez,2.96961302205165e-36
dez,2.14502270146378e-09
dez,1.07378927366012e-47
dez,4.07987834185444e-11
dez,4.76772589837767e-11
dez,5.8070236014784e-26
dez,0.000887275901985374
dez,5.2217666606515e-10
dez,3.06080095126679e-45
dez,0.000292430212703635
dez,2.64968788488326e-36
dez,5.73834776930896e-13
dez,4.84073585943315e-17
dez,4.14768615686316e-37
dez,1.42456227599762e-13
dez,2.59625543519392e-30
dez,0.000428240533552909
dez,1.07034804975416e-28
dez,3.48673924047787e-25
dez,4.50361291367292e-45
dez,4.45519614949578e-13
dez,3.14570557632163e-39
dez,1.18644945477178e-36
dez,9.70790555496829e-10
dez,1.91776856479122e-25
dez,3.82227652461023e-11
dez,4.35986693299575e-15
dez,5.05868361185972e-29
dez,9.75957220660119e-19
dez,5.90670567930079e-37
dez,4.85045373821497e-47
dez,3.59042960933018e-11
dez,4.57708034185934e-23
dez,9.12850176431742e-45
dez,1.01289024699935e-18
dez,3.73719665011864e-46
dez,1.39463043153261e-08
dez,1.17363069894064e-45
dez,3.16702232973058e-47
dez,0.000713829132668138
dez,1.01737045400449e-37
dez,1.73127192463724e-19
dez,3.71224494146365e-49
dez,0.000302655515642716
dez,8.07879808331506e-31
dez,8.25851462832586e-46
dez,1.05679943389141e-15
dez,6.44230009593267e-46
dez,1.27349627824956e-15
dez,4.16469141653167e-18
dez,2.37632209440589e-45
dez,5.36083730498612e-18
dez,5.89371220521688e-16
vinte,7.79875477127224e-06
vinte,0.223049874908983
vinte,0.258385120152788
vinte,0.132009190733204
vinte,1.04896373322949e-07
vinte,0.0361392978435864
vinte,1.81893552542336e-05
vinte,4.323918056786e-05
vinte,0.13587898818249
vinte,0.0538865512114468
vinte,6.86470059832621
vinte,0.568265836513472
vinte,0.00418216578611722
vinte,2.66274237099151e-06
vinte,6.29577616469623e-07
vinte,3.67900298139092
vinte,6.19272004421579e-13
vinte,0.0330297343559542
vinte,0.00651872347821957
vinte,9.24035286154165e-05
vinte,0.0397576966729443
vinte,0.342265701691796
vinte,0.000145036720583874
vinte,0.00121239541866235
vinte,0.0288941057921222
vinte,0.00460781834351582
vinte,7.42668995467557e-09
vinte,0.0203169738292193
vinte,0.544765027199734
vinte,7.12465963639609e-07
vinte,0.129927981650477
vinte,0.000814098103064909
vinte,0.0839350269475217
vinte,3.64145831676905e-06
vinte,0.0362561517647497
vinte,0.000701418093760656
vinte,0.000282814018215785
vinte,6.58775037052499e-06
vinte,0.387952300762418
vinte,0.00349798011231418
vinte,4.88761969404849e-10
vinte,0.000861080493271941
vinte,1.04044840335818e-05
vinte,0.000809316002371967
vinte,0.000964659801903127
vinte,0.0138762362512325
vinte,1.77080745861345
vinte,0.000639906151958973
vinte,0.000318024012308452
vinte,0.00365749433749751
vinte,0.14425568539734
vinte,6.56326660662793e-07
vinte,0.215329050239816
vinte,1.07588674515203e-05
vinte,6.26747495866344e-05
vinte,0.0790721509549732
vinte,0.000190797053512332
vinte,0.00366523176343158
vinte,0.0150512320259675
vinte,0.00560847946175083
vinte,8.42376549313605e-05
vinte,0.387013741325538
vinte,5.23862603385749e-05
vinte,0.000476662694821931
vinte,0.000754054630926575
vinte,2.20979128991089
vinte,3.98953627797037e-10
vinte,0.0139773199356772
vinte,0.357428842102566
vinte,8.55611939341857
vinte,7.85711578580144e-05
vinte,0.000240429260183783
vinte,4.85404062911702e-05
vinte,0.0375219385525486
vinte,0.000125639636995673
vinte,0.00042426967592144
vinte,0.00768768031953052
vinte,6.42125031842856e-05
vinte,0.0915919999034113
vinte,0.00183383909229919
vinte,1.90189499241933e-07
vinte,0.0106440255095474
vinte,0.000555678086623255
vinte,1.37683500170532e-05
vinte,6.02202714955358e-06
vinte,0.312995958994351
vinte,0.0147765531671277
vinte,2.10523327323684
vinte,1.82628991768901e-12
vinte,0.520591632453339
vinte,0.000124833488621155
vinte,0.000310407365115032
vinte,0.000490366970331159
vinte,1.37906788382517e-05
vinte,0.0307419072346022
vinte,0.30673141705252
vinte,0.00223758852804315
vinte,0.00340979222197705
vinte,0.000269937863286029
vinte,0.0752799729789422
vinte,0.0138325618911693
vinte,5.82564256650673e-22
vinte,6.37532159233621e-06
vinte,0.000974233370760047
vinte,2.6592407523964
vinte,0.00131242824408959
vinte,0.674402233217359
vinte,0.0341454709439387
vinte,8.27406403455342e-06
vinte,8.34759574185159e-05
vinte,0.175146636084254
vinte,0.213575624344929
vinte,8.62599106789871e-05
vinte,0.00139955527371494
vinte,0.292812896154307
vinte,0.159351947339245
vinte,0.0353827199734626
vinte,0.000863431800212513
vinte,5.77759804813822e-05
vinte,0.00149933783144433
vinte,0.0144243478858166
vinte,0.00281442492879472
vinte,18.08443749572
vinte,0.0296502640128232
vinte,0.285405599651691
vinte,3.1618903741979e-05
vinte,0.000105037496170192
vinte,4.6747731066503e-05
vinte,0.00816166023407017
vinte,0.00179965466716405
vinte,3.02039891628598e-05
vinte,0.0305012313103129
vinte,0.0234732894272796
vinte,0.000408807931927888
vinte,0.00104851911072318
vinte,0.0270733798714933
vinte,6.42051586186367e-06
vinte,3.19493602016291e-05
vinte,2.22223611676767e-06
vinte,0.00691118860558596
vinte,0.000139931889023034
vinte,7.97646399178822e-06
vinte,0.291538722557773
vinte,4.90312764048186e-06
vinte,0.0261184528255739
vinte,0.000662045082956789
vinte,0.000174524159245376
vinte,0.000250886640590693
vinte,0.00932307180331307
vinte,0.104253023289215
vinte,0.00014500260799628
vinte,1.44735003357306e-05
vinte,0.00391606463123332
vinte,1.16605161911907e-06
vinte,1.2080592775086
vinte,0.0759227231455817
vinte,0.0354264014951885
vinte,0.00713415866785972
vinte,0.00284507016165927
vinte,4.87225313982336e-06
vinte,1.8030464283689e-05
vinte,2.19386173590348e-09
vinte,0.0719195680564465
vinte,7.09457476766774
vinte,0.0960269824682765
vinte,0.00167704745880367
vinte,0.000418355041362851
vinte,0.000981158838099937
vinte,0.000783614911923992
vinte,0.0260202266381459
vinte,0.0204658231651083
vinte,0.00948485661479637
vinte,0.623181365086367
vinte,0.00554777318770736
vinte,0.107003156761582
vinte,0.0221547407868395
vinte,0.000185491156223789
vinte,0.000959010557250832
vinte,0.0171747610301558
vinte,9.21383737531634e-06
vinte,0.285954932678509
vinte,0.000105332217487287
vinte,6.01214110336383e-06
vinte,0.0224943163943509
vinte,1.39669995179538e-06
vinte,3.69414637336918
vinte,0.00163723852579296
vinte,2.77449504177796e-05
vinte,0.0549818587438734
vinte,8.68385607218327e-06
vinte,2.75168589356812e-06
vinte,0.00673443714820957
vinte,1.6165108952847e-05
vinte,8.47612006756412e-06
vinte,2.04384087099598e-05
vinte,9.58732706576267e-06
vinte,4.77986400320727e-05
vinte,3.6222466173436e-09
vinte,0.0084212448089043
vinte,0.0063743603472055
vinte,0.0517519955303433
vinte,0.000761141998456031
vinte,8.3208939173921e-10
vinte,0.000347865351399984
vinte,0.584277754968246
vinte,0.353880246395448
vinte,5.25273234453788e-09
vinte,5.11990599864877e-08
vinte,0.00415278763271846
vinte,0.164957722439202
vinte,1.75668151502423e-06
vinte,0.00516446919801574
vinte,0.104148659726591
vinte,0.183548747219186
vinte,0.00663701651211992
vinte,0.174127021381065
vinte,4.81405714858117e-05
vinte,0.00582082500666601
vinte,1.38018239264736e-09
vinte,1.61475069572461e-05
vinte,3.4091297487983e-05
vinte,0.000715777537969237
vinte,0.284040518582306
vinte,1.14319438238439
vinte,18.0652066639063
vinte,0.134497988409989
vinte,0.0134886724273216
vinte,5.24214376511704e-06
vinte,0.0528252014209059
vinte,6.08730736420607e-05
vinte,0.0110497291665413
vinte,0.000806843984091673
vinte,0.0449777127987552
vinte,2.80670228303238e-07
vinte,1.68174843646912e-07
vinte,3.13698722776741
vinte,0.0673085118826738
vinte,8.01902460724055e-07
vinte,0.0706364123385946
vinte,0.0289976668922634
vinte,0.00810621783106364
vinte,0.00926266294247145
vinte,9.07194271085847e-11
vinte,0.237432104817316
vinte,0.0376221749959853
vinte,8.3170470176871e-06
vinte,6.45091189048704e-06
vinte,9.23415462071659e-05
vinte,0.0333074193952605
vinte,2.4469006381921
vinte,6.88619454614336e-09
vinte,4.23188762111504e-09
vinte,5.86226003648024e-05
vinte,0.00041387719825629
vinte,0.00032098966101714
vinte,0.67996835594819
vinte,0.00150522695768014
vinte,0.000141493359134089
vinte,0.00171356917382074
vinte,0.00150509338104139
vinte,1.84579612991245
vinte,0.000653251889374224
vinte,7.33764258323279e-15
vinte,0.0502963081514197
vinte,0.277466785134682
vinte,0.00335930593399291
vinte,0.0360476063212896
vinte,0.0312573675611057
vinte,0.252244584765819
vinte,0.235759861176468
vinte,0.694906313985199
vinte,5.30838171902457e-05
vinte,5.7863825978539e-06
vinte,0.00075861847475961
vinte,7.59537302041788e-06
vinte,0.000165177241066295
vinte,0.168871350688142
vinte,20.4151603519454
vinte,4.86271829850063e-06
vinte,0.00453006486830415
vinte,8.02086282489703e-07
vinte,3.12780453530661
vinte,0.00112479043054871
vinte,7.33254248376508e-05
vinte,0.0398687856515491
vinte,2.43430204452797e-05
vinte,0.00383332793276654
vinte,0.0215539990626979
vinte,0.000430651688821394
vinte,4.81374147593946e-05
vinte,5.5021756965553
vinte,0.160215515583717
vinte,0.145689451511962
vinte,0.360514905423166
vinte,0.00223460525813148
vinte,0.000490233496452308
vinte,0.141486639738228
vinte,0.00632640834473537
vinte,0.000267856860735538
vinte,0.0376376842305746
trinta,0.0487505836817454
trinta,0.350038578965441
trinta,0.161677334137485
trinta,2.79458596213812
trinta,0.15248966836294
trinta,0.00835070046423815
trinta,8.99810739533217
trinta,0.133331481631817
trinta,0.401534807514797
trinta,0.51077333806599
trinta,0.0408348066642349
trinta,0.0272399727692463
trinta,18.8869291687103
trinta,0.0565901908795251
trinta,6.40837589861639
trinta,1.2891138449203
trinta,0.445603101619042
trinta,1.74761835089522
trinta,0.47534689055682
trinta,3.86573057990117
trinta,3.40508411994823
trinta,1.88300603434735
trinta,0.453099233884996
trinta,0.739175357390405
trinta,2.32127074778868
trinta,0.797812794776426
trinta,2.35471137319759
trinta,0.643038468824315
trinta,44.6802237161985
trinta,2.19827558095991
trinta,10.4229985684083
trinta,1.55691338509721
trinta,1.40547838852418
trinta,0.982213686600845
trinta,0.00330807997919339
trinta,5.70992123594606
trinta,8.0309894886909
trinta,1.09101592837326
trinta,0.487969171083891
trinta,7.51679790080493
trinta,0.124651810743015
trinta,0.470153320845249
trinta,0.578382559548456
trinta,0.00346301383567414
trinta,0.0405416784747907
trinta,6.52971887594932
trinta,0.257849103848604
trinta,1.30899221105157
trinta,0.924349249837433
trinta,2.9968002179377
trinta,0.0529421110536224
trinta,2.14745683399607
trinta,0.825930534525773
trinta,2.40930485291134
trinta,4.63312750906986
trinta,0.22625447524851
trinta,4.04269955645646
trinta,2.74578334332529
trinta,2.91386564696061
trinta,1.68479927221318
trinta,0.984386314738956
trinta,0.119623087715964
trinta,0.436790879498959
trinta,22.5672672670823
trinta,2.36665345089689
trinta,0.146802492982565
trinta,1.58209444260874
trinta,1.79960488707536
trinta,0.348945746784451
trinta,0.0166659973253639
trinta,0.700029424394686
trinta,1.58223848757516
trinta,0.0920515611638688
trinta,0.123987521596494
trinta,3.69710706583124
trinta,1.93152807229635
trinta,0.0921415802367616
trinta,0.0913527889028568
trinta,0.324659412717606
trinta,1.20950967547547
trinta,1.16433568529434
trinta,1.13703591286486
trinta,0.0985839163920131
trinta,0.373323550998302
trinta,3.10490021851855
trinta,2.35099150906468
trinta,0.662546985828875
trinta,1.15819273368402
trinta,1.59017907057764
trinta,0.108102456275901
trinta,1.19366319685979
trinta,0.177395258190705
trinta,3.29294983204451
trinta,0.219482993308732
trinta,1.67021633503629
trinta,0.0690965653242255
trinta,1.12072389495361
trinta,1.38391535187302
trinta,4.42592562766401
trinta,1.50775024710599
trinta,0.433926657176913
trinta,0.232757512204639
trinta,22.9723514952261
trinta,0.44569066746747
trinta,0.116839805959755
trinta,0.0504574781648094
trinta,1.68126046050761
trinta,11.0217224452091
trinta,0.786977832320617
trinta,0.19344544453265
trinta,1.84846949397535
trinta,11.2733282366323
trinta,4.34481043220244
trinta,3.91779630500564
trinta,1.46161047166243
trinta,0.167611460506063
trinta,0.238479697278875
trinta,0.339091131677698
trinta,0.0335225639028954
trinta,7.1059155288664
trinta,0.00623925309220357
trinta,1.09925871858844
trinta,4.05370792676437
trinta,6.35170569555848
trinta,1.24602617351515
trinta,22.0120328115018
trinta,0.268722404352911
trinta,9.13649704358169
trinta,0.0406947914443378
trinta,2.78505742671028
trinta,18.19838769118
trinta,0.836491591046004
trinta,14.303987697787
trinta,0.0966714794437744
trinta,0.0684692890757793
trinta,0.230114507596176
trinta,4.22991617159765
trinta,4.03861439919253
trinta,1.89092476265393
trinta,0.0878946117530824
trinta,0.186747682718843
trinta,0.130912628135682
trinta,0.544627487500163
trinta,0.0133800398334273
trinta,3.39368680127846
trinta,0.00198474530800112
trinta,2.54275944201765
trinta,0.317101718067569
trinta,0.122465604356359
trinta,6.66191028454091
trinta,7.14712804806
trinta,0.724554941510755
trinta,0.922911650220496
trinta,1.95432907717282
trinta,0.224522910804816
trinta,0.10250532426971
trinta,1.29823503057748
trinta,0.663570522514747
trinta,0.235334864361615
trinta,2.83355269766585
trinta,0.0166139415353588
trinta,0.262041236752568
trinta,0.0949579549084718
trinta,1.0038613917173
trinta,7.23759939264364
trinta,0.0466555166299568
trinta,11.7716217124259
trinta,0.848096854649017
trinta,0.359308802784745
trinta,0.702840587225142
trinta,5.13730137353358
trinta,0.591954375256033
trinta,0.432901293137106
trinta,0.479434974967308
trinta,0.438501509551454
trinta,0.0177704443255911
trinta,0.274489852484007
trinta,7.42325896920897
trinta,0.429479872209646
trinta,0.1093476518373
trinta,0.130822896519493
trinta,0.173995426486531
trinta,2.00836772921663
trinta,0.310252422369246
trinta,0.102782353297735
trinta,0.0469685457617319
trinta,1.74797513722499
trinta,0.95196001791062
trinta,0.131158541847672
trinta,3.91697661566453
trinta,0.340852410743699
trinta,0.889899292617188
trinta,3.97716134635369
trinta,0.793306001218369
trinta,5.23398797272696
trinta,0.575198509372802
trinta,0.470996721542864
trinta,13.1086312089643
trinta,0.355107059866429
trinta,0.031787718400283
trinta,0.248046785593488
trinta,0.946419858155529
trinta,0.312088514633307
trinta,0.165012178084112
trinta,4.67986784623013
trinta,18.9910244717483
trinta,1.02960688180592
trinta,0.0748101033938924
trinta,0.254370918452684
trinta,17.4862281228295
trinta,5.3718735691702
trinta,0.0766734448321523
trinta,0.486703955221856
trinta,0.229601481739119
trinta,1.11117387716323
trinta,0.886294547069757
trinta,3.19142293030577
trinta,5.35615197878477
trinta,0.20121206962579
trinta,1.5061052816598
trinta,0.0876235021836312
trinta,2.78109113759646
trinta,2.69130144442853
trinta,4.09683994401843
trinta,12.4276729194
trinta,2.46496178023463
trinta,5.71767300433001
trinta,0.104943626767246
trinta,0.119837844525094
trinta,1.12398333310815
trinta,3.79411458998584
trinta,0.0259493018231377
trinta,1.54803983540213
trinta,3.25994341078217
trinta,0.594941813660954
trinta,0.332231538601847
trinta,0.377679749895624
trinta,0.0310355413981659
trinta,0.305474702245387
trinta,1.08459956328742
trinta,4.1547581735771
trinta,0.0567771114126068
trinta,0.00127821126121454
trinta,5.77456539626923
trinta,2.78986793399782
trinta,1.06887477277768
trinta,0.435862321879855
trinta,1.79963059525887
trinta,3.06729780772966
trinta,0.0277729593063343
trinta,8.94210137685855
trinta,2.80365209447599
trinta,1.10291970235009
trinta,0.0567361343734573
trinta,0.6840254739865
trinta,0.0059607770464265
trinta,1.78773167003946
trinta,1.51064494901473
trinta,0.725935390535949
trinta,1.0094519691782
trinta,0.676547435616425
trinta,0.412875818704671
trinta,1.50122719304116
trinta,26.5612130093909
trinta,9.38655491803509
trinta,1.08500206115676
trinta,0.129359210812763
trinta,0.0302602327873783
trinta,0.0833704210144622
trinta,1.01078036249745
trinta,1.02043451177599
trinta,0.0727244268440016
trinta,14.6959400065172
trinta,0.129022448319735
trinta,2.67074365643392
trinta,0.0278386756615537
trinta,0.206420376719774
trinta,4.69979383554726
trinta,0.764136566501017
trinta,0.256256613259694
trinta,0.348906619277914
trinta,0.206574046128332
trinta,1.85245760709591
trinta,0.746932627696412
trinta,19.0589805382099
trinta,1.30267065009883
trinta,2.05448158485033
trinta,1.02638845272226
trinta,0.0175126297303957
trinta,0.00406681012467288
trinta,2.44906052291172
trinta,0.935333315450291
trinta,0.896181696545822
trinta,0.493905889938377
trinta,0.0303785229683331
trinta,0.92313465227418
trinta,0.0743712220971312
trinta,0.563594823442474
trinta,0.764788971929829
trinta,0.0206936282663669
